               epoch,      train/box_loss,      train/obj_loss,      train/cls_loss,   metrics/precision,      metrics/recall,     metrics/mAP_0.5,metrics/mAP_0.5:0.95,        val/box_loss,        val/obj_loss,        val/cls_loss,               x/lr0,               x/lr1,               x/lr2
                   0,             0.10708,             0.20559,                   0,            0.031111,             0.31111,            0.021526,           0.0037407,            0.085216,             0.14849,                   0,             0.00033,             0.00033,             0.09703
                   1,            0.098552,             0.22817,                   0,            0.027222,             0.27222,            0.017948,           0.0033197,            0.081853,             0.15852,                   0,          0.00066998,          0.00066998,             0.09397
                   2,            0.094712,             0.23978,                   0,            0.029444,             0.29444,            0.020076,           0.0037844,            0.081821,             0.16134,                   0,           0.0010099,           0.0010099,             0.09091
                   3,            0.093265,             0.23595,                   0,            0.037377,             0.17222,            0.023735,           0.0046182,             0.08226,             0.15986,                   0,           0.0013497,           0.0013497,             0.08785
                   4,            0.090828,             0.21751,                   0,             0.30497,             0.33885,             0.23756,             0.04858,            0.075063,             0.15359,                   0,           0.0016893,           0.0016893,            0.084789
                   5,            0.086103,             0.21603,                   0,             0.18916,             0.38333,             0.15104,            0.029979,            0.080974,             0.18924,                   0,           0.0020287,           0.0020287,            0.081729
                   6,            0.082523,              0.2054,                   0,             0.33104,             0.64444,             0.31494,            0.081444,            0.074311,             0.15657,                   0,           0.0023679,           0.0023679,            0.078668
                   7,            0.076754,             0.19462,                   0,             0.75524,             0.53333,             0.59463,             0.15526,            0.068379,             0.12347,                   0,           0.0027067,           0.0027067,            0.075607
                   8,            0.073358,             0.18821,                   0,             0.71267,              0.7441,             0.71401,             0.23036,            0.062665,             0.10754,                   0,           0.0030452,           0.0030452,            0.072545
                   9,             0.07161,             0.18716,                   0,              0.3153,             0.43333,             0.28346,            0.062307,            0.071657,             0.14957,                   0,           0.0033832,           0.0033832,            0.069483
                  10,             0.07053,             0.17523,                   0,             0.78798,             0.76667,             0.81502,             0.27374,            0.060162,             0.10279,                   0,           0.0037208,           0.0037208,            0.066421
                  11,             0.06913,             0.16804,                   0,             0.88461,             0.89443,             0.92449,             0.32614,            0.056762,             0.10149,                   0,           0.0040579,           0.0040579,            0.063358
                  12,            0.067353,             0.16474,                   0,              0.8229,             0.87768,             0.85776,              0.3329,            0.053448,            0.099274,                   0,           0.0043944,           0.0043944,            0.060294
                  13,            0.064814,             0.15653,                   0,             0.78214,             0.73797,             0.74683,             0.34164,            0.054886,             0.11913,                   0,           0.0047302,           0.0047302,             0.05723
                  14,            0.064742,             0.16785,                   0,             0.20638,             0.19444,            0.086667,            0.019948,            0.079538,             0.37523,                   0,           0.0050654,           0.0050654,            0.054165
                  15,            0.068829,             0.17129,                   0,               0.676,             0.85774,             0.71686,             0.19778,            0.055384,            0.091319,                   0,           0.0053999,           0.0053999,              0.0511
                  16,            0.068845,             0.15915,                   0,             0.11642,             0.17778,            0.069442,            0.016632,            0.074653,             0.16352,                   0,           0.0057336,           0.0057336,            0.048034
                  17,            0.065975,             0.16011,                   0,             0.59914,             0.58333,             0.55276,             0.19151,            0.062891,             0.15639,                   0,           0.0060665,           0.0060665,            0.044967
                  18,            0.063748,             0.16039,                   0,             0.77093,             0.80398,             0.75427,             0.22987,            0.056767,             0.12279,                   0,           0.0063986,           0.0063986,            0.041899
                  19,            0.063541,             0.15335,                   0,             0.81253,              0.7705,              0.7688,             0.36907,             0.05589,             0.11292,                   0,           0.0067297,           0.0067297,             0.03883
                  20,            0.063408,             0.15957,                   0,             0.70084,             0.41648,             0.47211,             0.13009,            0.075114,             0.17503,                   0,           0.0070599,           0.0070599,             0.03576
                  21,            0.060856,              0.1525,                   0,             0.74305,             0.75556,             0.72252,             0.20834,            0.061226,            0.081161,                   0,            0.007389,            0.007389,            0.032689
                  22,            0.060305,             0.15296,                   0,             0.88936,             0.53889,             0.63446,             0.27019,            0.065108,             0.11617,                   0,           0.0077171,           0.0077171,            0.029617
                  23,            0.059444,             0.14519,                   0,             0.12841,            0.083333,            0.043332,            0.013753,             0.09235,             0.36702,                   0,           0.0080441,           0.0080441,            0.026544
                  24,            0.059849,             0.14927,                   0,             0.89281,             0.51111,             0.54765,               0.222,            0.075837,             0.11485,                   0,             0.00837,             0.00837,             0.02347
                  25,             0.06249,             0.15093,                   0,             0.35377,            0.061111,            0.045234,            0.017168,            0.094312,              0.2166,                   0,           0.0086946,           0.0086946,            0.020395
                  26,            0.061349,             0.15998,                   0,             0.89681,             0.62767,             0.72584,              0.2774,             0.07226,             0.11898,                   0,            0.009018,            0.009018,            0.017318
                  27,            0.057254,              0.1558,                   0,             0.14465,             0.11111,            0.048347,            0.010655,            0.076982,             0.19843,                   0,           0.0093401,           0.0093401,             0.01424
                  28,            0.058171,             0.15156,                   0,             0.23918,             0.38333,             0.17516,            0.069659,            0.065719,             0.22411,                   0,           0.0096608,           0.0096608,            0.011161
                  29,            0.055138,             0.14366,                   0,             0.69633,             0.33333,             0.34587,             0.15069,             0.10699,             0.13196,                   0,           0.0097941,           0.0097941,           0.0097941
                  30,            0.054913,             0.14613,                   0,             0.68415,             0.36102,             0.40855,             0.12513,            0.082571,              0.1044,                   0,           0.0097941,           0.0097941,           0.0097941
                  31,            0.051911,             0.14303,                   0,             0.98392,             0.68889,             0.78622,             0.37295,            0.057806,            0.090765,                   0,           0.0097798,           0.0097798,           0.0097798
                  32,             0.05239,              0.1396,                   0,             0.46567,             0.15494,             0.14085,            0.056006,             0.12644,            0.081723,                   0,            0.009765,            0.009765,            0.009765
                  33,            0.051647,             0.14656,                   0,             0.92265,             0.92775,             0.94372,             0.34828,            0.052294,            0.097277,                   0,           0.0097497,           0.0097497,           0.0097497
                  34,            0.053582,             0.14803,                   0,             0.67888,             0.30537,             0.31868,             0.12819,              0.1167,             0.11105,                   0,            0.009734,            0.009734,            0.009734
                  35,            0.048815,             0.13779,                   0,             0.81067,             0.16652,             0.17076,            0.081966,             0.12107,             0.19497,                   0,           0.0097178,           0.0097178,           0.0097178
                  36,            0.049199,             0.13611,                   0,             0.98295,             0.97778,             0.98579,             0.45392,            0.046359,            0.072885,                   0,           0.0097011,           0.0097011,           0.0097011
                  37,            0.047466,             0.13304,                   0,              0.9749,             0.65556,              0.7492,             0.34036,            0.070416,            0.081406,                   0,            0.009684,            0.009684,            0.009684
                  38,            0.047119,             0.12985,                   0,             0.66576,             0.28773,             0.29905,             0.10946,             0.09394,             0.16587,                   0,           0.0096664,           0.0096664,           0.0096664
                  39,            0.047328,              0.1324,                   0,             0.41069,             0.16667,             0.14791,            0.046143,            0.090397,             0.14273,                   0,           0.0096484,           0.0096484,           0.0096484
                  40,            0.048312,              0.1404,                   0,             0.99444,             0.99439,             0.99489,             0.60869,            0.041417,            0.068911,                   0,           0.0096299,           0.0096299,           0.0096299
                  41,            0.048749,             0.14362,                   0,             0.96685,             0.97222,              0.9905,             0.52569,            0.045369,            0.078504,                   0,            0.009611,            0.009611,            0.009611
                  42,            0.048445,             0.13043,                   0,              0.4929,             0.53889,             0.48475,             0.20435,            0.082617,             0.10956,                   0,           0.0095916,           0.0095916,           0.0095916
                  43,            0.046618,             0.13388,                   0,             0.65272,             0.26111,             0.27615,             0.10363,            0.090345,             0.13382,                   0,           0.0095717,           0.0095717,           0.0095717
                  44,            0.046878,             0.13014,                   0,             0.99996,                   1,               0.995,              0.5806,            0.041003,            0.066864,                   0,           0.0095514,           0.0095514,           0.0095514
                  45,            0.045554,             0.12709,                   0,              0.9944,                   1,               0.995,             0.57043,            0.042472,            0.069818,                   0,           0.0095307,           0.0095307,           0.0095307
                  46,             0.04633,             0.13011,                   0,             0.17584,            0.027778,            0.016809,           0.0034723,            0.092529,             0.19807,                   0,           0.0095095,           0.0095095,           0.0095095
                  47,            0.045162,             0.13435,                   0,             0.97196,             0.57767,             0.65861,             0.30964,            0.066521,             0.08039,                   0,           0.0094879,           0.0094879,           0.0094879
                  48,            0.044826,              0.1296,                   0,             0.99998,                   1,               0.995,             0.61295,            0.039737,            0.066228,                   0,           0.0094659,           0.0094659,           0.0094659
                  49,            0.044777,             0.12779,                   0,                   1,             0.83887,             0.90209,             0.43451,            0.055279,            0.078331,                   0,           0.0094434,           0.0094434,           0.0094434
                  50,            0.045795,             0.12944,                   0,             0.91982,             0.70556,             0.84918,             0.40878,            0.053894,            0.095737,                   0,           0.0094205,           0.0094205,           0.0094205
                  51,            0.045059,             0.13204,                   0,             0.99445,                   1,             0.99494,             0.60586,             0.03999,            0.066888,                   0,           0.0093971,           0.0093971,           0.0093971
                  52,            0.045314,             0.12794,                   0,             0.97674,             0.93333,             0.98321,             0.52126,            0.044916,            0.087832,                   0,           0.0093733,           0.0093733,           0.0093733
                  53,             0.04541,             0.13291,                   0,             0.99999,                   1,               0.995,              0.6199,            0.040183,            0.065601,                   0,           0.0093491,           0.0093491,           0.0093491
                  54,            0.044388,             0.12637,                   0,             0.99999,                   1,               0.995,              0.5941,            0.041202,            0.065814,                   0,           0.0093245,           0.0093245,           0.0093245
                  55,            0.043765,             0.12578,                   0,                   1,                   1,               0.995,             0.64121,            0.038967,            0.063835,                   0,           0.0092995,           0.0092995,           0.0092995
                  56,            0.044215,             0.13187,                   0,             0.99999,                   1,               0.995,             0.58339,             0.04182,            0.068264,                   0,            0.009274,            0.009274,            0.009274
                  57,             0.04388,             0.12364,                   0,             0.99997,                   1,               0.995,              0.6295,            0.040781,            0.064563,                   0,           0.0092481,           0.0092481,           0.0092481
                  58,            0.043411,             0.12568,                   0,             0.98913,             0.50549,             0.53855,             0.28224,             0.08732,            0.066902,                   0,           0.0092219,           0.0092219,           0.0092219
                  59,            0.044597,              0.1276,                   0,             0.99999,             0.66111,             0.68553,             0.41986,            0.070551,            0.067548,                   0,           0.0091952,           0.0091952,           0.0091952
                  60,            0.043022,             0.12601,                   0,             0.70125,             0.52162,             0.59296,             0.22352,            0.064014,             0.12347,                   0,           0.0091681,           0.0091681,           0.0091681
                  61,            0.043555,             0.12474,                   0,             0.12995,                0.05,            0.035257,            0.010716,            0.092805,             0.20658,                   0,           0.0091406,           0.0091406,           0.0091406
                  62,            0.041911,             0.12371,                   0,             0.99415,             0.96667,              0.9927,             0.54459,            0.043147,            0.074577,                   0,           0.0091127,           0.0091127,           0.0091127
                  63,            0.042978,             0.12691,                   0,                   1,             0.99996,               0.995,             0.53253,            0.042551,            0.073211,                   0,           0.0090844,           0.0090844,           0.0090844
                  64,            0.043725,             0.12421,                   0,             0.90773,             0.71111,             0.87251,             0.40617,            0.051324,             0.10118,                   0,           0.0090557,           0.0090557,           0.0090557
                  65,             0.04227,             0.12155,                   0,             0.99999,                   1,               0.995,              0.6307,            0.038692,            0.063103,                   0,           0.0090266,           0.0090266,           0.0090266
                  66,            0.043292,             0.12039,                   0,                   1,                   1,               0.995,             0.64085,            0.039607,            0.063451,                   0,           0.0089972,           0.0089972,           0.0089972
                  67,             0.04211,              0.1223,                   0,                   1,                   1,               0.995,             0.65342,            0.039171,            0.063133,                   0,           0.0089673,           0.0089673,           0.0089673
                  68,            0.042975,             0.12409,                   0,             0.98901,             0.99998,             0.99489,             0.63364,            0.038804,            0.065235,                   0,           0.0089371,           0.0089371,           0.0089371
                  69,            0.042556,             0.12092,                   0,             0.99999,                   1,               0.995,             0.65535,            0.038395,            0.063283,                   0,           0.0089065,           0.0089065,           0.0089065
                  70,            0.042571,             0.12607,                   0,             0.99302,             0.79444,             0.81917,             0.47416,            0.060482,            0.071673,                   0,           0.0088755,           0.0088755,           0.0088755
                  71,            0.040748,             0.11682,                   0,                   1,             0.99998,               0.995,             0.66482,            0.038315,            0.062379,                   0,           0.0088442,           0.0088442,           0.0088442
                  72,            0.041395,             0.11729,                   0,             0.99997,                   1,               0.995,             0.63814,            0.039648,            0.064028,                   0,           0.0088124,           0.0088124,           0.0088124
                  73,            0.041118,             0.11937,                   0,             0.99998,                   1,               0.995,             0.65709,            0.039031,             0.06121,                   0,           0.0087804,           0.0087804,           0.0087804
                  74,            0.042315,             0.12371,                   0,             0.98872,             0.98889,             0.99467,              0.6416,            0.039448,            0.064364,                   0,           0.0087479,           0.0087479,           0.0087479
                  75,            0.041733,             0.12238,                   0,             0.99993,             0.88889,             0.98088,             0.58688,            0.041505,             0.07503,                   0,           0.0087151,           0.0087151,           0.0087151
                  76,            0.042687,             0.12404,                   0,                   1,             0.99998,               0.995,             0.63462,            0.038724,            0.063584,                   0,            0.008682,            0.008682,            0.008682
                  77,            0.041407,             0.12036,                   0,             0.99997,                   1,               0.995,              0.5898,            0.042194,            0.066172,                   0,           0.0086485,           0.0086485,           0.0086485
                  78,            0.041353,             0.12308,                   0,             0.99422,             0.95547,             0.98351,             0.61332,            0.041495,            0.067306,                   0,           0.0086146,           0.0086146,           0.0086146
                  79,            0.041529,             0.11986,                   0,             0.78816,             0.82681,              0.8796,             0.47738,            0.051499,             0.10814,                   0,           0.0085805,           0.0085805,           0.0085805
                  80,            0.039832,             0.11314,                   0,             0.99444,             0.99444,             0.99494,             0.65002,            0.039315,            0.062565,                   0,           0.0085459,           0.0085459,           0.0085459
                  81,            0.042189,             0.12437,                   0,                   1,             0.99442,               0.995,              0.6811,            0.037944,            0.061034,                   0,           0.0085111,           0.0085111,           0.0085111
                  82,            0.041612,             0.12383,                   0,             0.99999,                   1,               0.995,             0.66781,            0.037444,            0.061504,                   0,           0.0084759,           0.0084759,           0.0084759
                  83,            0.040601,              0.1221,                   0,             0.99998,                   1,               0.995,             0.64353,             0.03821,             0.06504,                   0,           0.0084404,           0.0084404,           0.0084404
                  84,            0.040663,             0.11839,                   0,             0.99999,                   1,               0.995,             0.67625,            0.037394,            0.061112,                   0,           0.0084046,           0.0084046,           0.0084046
                  85,            0.041027,               0.119,                   0,             0.95522,             0.71106,             0.80346,             0.45502,            0.051455,             0.13412,                   0,           0.0083684,           0.0083684,           0.0083684
                  86,            0.040297,             0.11675,                   0,             0.99995,             0.99444,               0.995,             0.61297,            0.040509,            0.066299,                   0,           0.0083319,           0.0083319,           0.0083319
                  87,            0.039789,             0.11889,                   0,                   1,                   1,               0.995,             0.63537,            0.039897,            0.067964,                   0,           0.0082952,           0.0082952,           0.0082952
                  88,            0.040208,             0.11759,                   0,             0.99999,                   1,               0.995,             0.65862,            0.038151,            0.063074,                   0,           0.0082581,           0.0082581,           0.0082581
                  89,            0.040048,             0.11966,                   0,             0.99998,                   1,               0.995,             0.67375,            0.037455,            0.062508,                   0,           0.0082207,           0.0082207,           0.0082207
                  90,            0.040003,             0.11839,                   0,             0.99999,                   1,               0.995,             0.65375,            0.037856,            0.063003,                   0,            0.008183,            0.008183,            0.008183
                  91,            0.040367,             0.11696,                   0,             0.99999,                   1,               0.995,             0.65541,            0.037725,            0.062704,                   0,            0.008145,            0.008145,            0.008145
                  92,             0.04006,             0.11344,                   0,             0.99999,                   1,               0.995,             0.65882,            0.038032,            0.061696,                   0,           0.0081068,           0.0081068,           0.0081068
                  93,            0.039453,             0.11461,                   0,             0.98359,                   1,             0.99483,             0.64339,            0.038486,            0.067963,                   0,           0.0080682,           0.0080682,           0.0080682
                  94,            0.040678,              0.1171,                   0,                   1,                   1,               0.995,             0.69143,            0.036651,            0.059752,                   0,           0.0080294,           0.0080294,           0.0080294
                  95,            0.040464,              0.1188,                   0,             0.97764,             0.97222,             0.98934,             0.58889,            0.040897,            0.074759,                   0,           0.0079903,           0.0079903,           0.0079903
                  96,             0.03917,             0.11735,                   0,             0.99999,                   1,               0.995,             0.68355,            0.037495,            0.062183,                   0,           0.0079509,           0.0079509,           0.0079509
                  97,            0.039949,             0.12009,                   0,                   1,             0.78287,             0.88806,             0.49448,            0.048848,            0.075234,                   0,           0.0079112,           0.0079112,           0.0079112
                  98,            0.039742,             0.11475,                   0,             0.99999,                   1,               0.995,             0.67633,            0.037795,            0.060891,                   0,           0.0078713,           0.0078713,           0.0078713
                  99,             0.03922,             0.11603,                   0,                   1,             0.99444,               0.995,             0.63994,            0.038708,            0.065491,                   0,           0.0078311,           0.0078311,           0.0078311
                 100,            0.040066,             0.11802,                   0,                   1,                   1,               0.995,              0.6895,            0.036662,            0.060139,                   0,           0.0077907,           0.0077907,           0.0077907
                 101,            0.039594,             0.11456,                   0,                   1,                   1,               0.995,              0.6878,            0.036776,            0.060167,                   0,             0.00775,             0.00775,             0.00775
                 102,            0.040346,              0.1205,                   0,             0.99999,                   1,               0.995,             0.65633,            0.037969,            0.060978,                   0,           0.0077091,           0.0077091,           0.0077091
                 103,            0.039533,             0.11701,                   0,             0.99999,                   1,               0.995,             0.69683,            0.035992,            0.059431,                   0,           0.0076679,           0.0076679,           0.0076679
                 104,            0.040328,             0.11755,                   0,                   1,             0.99996,               0.995,             0.68713,             0.03763,            0.062761,                   0,           0.0076265,           0.0076265,           0.0076265
                 105,            0.039402,             0.11693,                   0,             0.79631,                 0.5,             0.63074,             0.28114,            0.067533,             0.11672,                   0,           0.0075848,           0.0075848,           0.0075848
                 106,            0.039316,             0.11579,                   0,              0.9589,             0.77774,             0.81219,             0.52368,            0.060829,            0.069114,                   0,            0.007543,            0.007543,            0.007543
                 107,            0.038971,             0.11169,                   0,             0.99361,             0.87778,             0.94242,             0.61355,            0.046259,            0.067453,                   0,           0.0075009,           0.0075009,           0.0075009
                 108,            0.038996,             0.11454,                   0,                   1,             0.77707,              0.8625,             0.51794,            0.055714,            0.071377,                   0,           0.0074585,           0.0074585,           0.0074585
                 109,            0.039381,             0.11932,                   0,             0.99999,                   1,               0.995,             0.53623,            0.042751,            0.078044,                   0,            0.007416,            0.007416,            0.007416
                 110,            0.039415,             0.12295,                   0,             0.99998,                   1,               0.995,             0.69598,            0.036617,            0.060371,                   0,           0.0073733,           0.0073733,           0.0073733
                 111,            0.038816,              0.1119,                   0,             0.99999,                   1,               0.995,              0.6871,            0.036476,            0.060965,                   0,           0.0073303,           0.0073303,           0.0073303
                 112,            0.039392,             0.11694,                   0,             0.99401,             0.92202,             0.96031,             0.60895,             0.04333,            0.070335,                   0,           0.0072872,           0.0072872,           0.0072872
                 113,            0.038668,             0.11473,                   0,             0.99999,                   1,               0.995,             0.69805,            0.036541,            0.060434,                   0,           0.0072438,           0.0072438,           0.0072438
                 114,            0.038299,             0.11131,                   0,                   1,                   1,               0.995,             0.67599,            0.037136,            0.060872,                   0,           0.0072003,           0.0072003,           0.0072003
                 115,            0.038913,             0.11263,                   0,             0.99999,                   1,               0.995,             0.68499,            0.037156,            0.060651,                   0,           0.0071566,           0.0071566,           0.0071566
                 116,            0.039563,             0.11649,                   0,                   1,                   1,               0.995,             0.67248,            0.037528,            0.062611,                   0,           0.0071127,           0.0071127,           0.0071127
                 117,            0.038456,             0.11389,                   0,                   1,             0.99999,               0.995,             0.68314,            0.037172,            0.060737,                   0,           0.0070686,           0.0070686,           0.0070686
                 118,            0.038474,             0.11252,                   0,             0.99999,                   1,               0.995,             0.68752,            0.037028,            0.060193,                   0,           0.0070243,           0.0070243,           0.0070243
                 119,            0.038954,             0.11344,                   0,             0.99999,             0.98333,             0.99352,             0.65856,            0.038311,            0.062785,                   0,           0.0069799,           0.0069799,           0.0069799
                 120,            0.038938,             0.11706,                   0,                   1,             0.99998,               0.995,             0.64144,            0.039155,            0.072079,                   0,           0.0069353,           0.0069353,           0.0069353
                 121,            0.038529,             0.11305,                   0,             0.99999,                   1,               0.995,             0.69351,            0.036887,            0.060813,                   0,           0.0068906,           0.0068906,           0.0068906
                 122,            0.039483,             0.11906,                   0,             0.99999,                   1,               0.995,             0.68517,            0.036934,            0.061697,                   0,           0.0068457,           0.0068457,           0.0068457
                 123,            0.038438,             0.11211,                   0,             0.99375,              0.8833,             0.92565,             0.59583,            0.048861,            0.068951,                   0,           0.0068006,           0.0068006,           0.0068006
                 124,            0.038309,             0.11239,                   0,                   1,                   1,               0.995,             0.68825,            0.037007,            0.060966,                   0,           0.0067555,           0.0067555,           0.0067555
                 125,            0.038942,             0.11726,                   0,                   1,                   1,               0.995,             0.68344,            0.037027,            0.059834,                   0,           0.0067101,           0.0067101,           0.0067101
                 126,             0.03924,             0.11222,                   0,             0.99999,                   1,               0.995,             0.66467,            0.038066,             0.06397,                   0,           0.0066647,           0.0066647,           0.0066647
                 127,            0.037763,             0.11306,                   0,                   1,                   1,               0.995,             0.66202,            0.037943,            0.062162,                   0,           0.0066191,           0.0066191,           0.0066191
                 128,            0.039123,              0.1149,                   0,             0.99998,                   1,               0.995,             0.68726,            0.036169,             0.06184,                   0,           0.0065734,           0.0065734,           0.0065734
                 129,            0.037555,             0.11384,                   0,                   1,                   1,               0.995,             0.68262,            0.036922,            0.062394,                   0,           0.0065276,           0.0065276,           0.0065276
                 130,            0.037612,             0.11163,                   0,                   1,             0.99999,               0.995,             0.70164,            0.036364,            0.059531,                   0,           0.0064816,           0.0064816,           0.0064816
                 131,             0.03725,             0.11157,                   0,             0.99999,                   1,               0.995,             0.69524,            0.036586,            0.058815,                   0,           0.0064356,           0.0064356,           0.0064356
                 132,            0.038303,              0.1143,                   0,                   1,                   1,               0.995,             0.66879,            0.038015,            0.060985,                   0,           0.0063895,           0.0063895,           0.0063895
                 133,            0.037951,             0.11126,                   0,             0.99998,                   1,               0.995,              0.6756,            0.037817,            0.062441,                   0,           0.0063432,           0.0063432,           0.0063432
                 134,            0.037349,             0.10965,                   0,             0.99999,                   1,               0.995,             0.69541,            0.036386,            0.059722,                   0,           0.0062969,           0.0062969,           0.0062969
                 135,            0.037298,             0.10717,                   0,             0.99999,                   1,               0.995,             0.71218,            0.036186,            0.059545,                   0,           0.0062505,           0.0062505,           0.0062505
                 136,            0.037206,             0.11081,                   0,             0.99998,                   1,               0.995,             0.69594,            0.036643,            0.059261,                   0,            0.006204,            0.006204,            0.006204
                 137,            0.038548,             0.11302,                   0,                   1,             0.99999,               0.995,              0.6956,            0.036583,              0.0581,                   0,           0.0061574,           0.0061574,           0.0061574
                 138,            0.038024,             0.11042,                   0,             0.99999,                   1,               0.995,             0.69659,            0.036611,            0.058766,                   0,           0.0061107,           0.0061107,           0.0061107
                 139,            0.037851,             0.11471,                   0,                   1,             0.99999,               0.995,             0.70276,            0.036633,            0.059781,                   0,            0.006064,            0.006064,            0.006064
                 140,            0.036892,             0.10788,                   0,             0.99999,                   1,               0.995,             0.69717,            0.036954,            0.060969,                   0,           0.0060172,           0.0060172,           0.0060172
                 141,            0.036984,             0.10748,                   0,                   1,             0.99999,               0.995,             0.70363,            0.036582,            0.059644,                   0,           0.0059704,           0.0059704,           0.0059704
                 142,            0.037223,             0.11023,                   0,                   1,                   1,               0.995,             0.71482,            0.036274,            0.058285,                   0,           0.0059235,           0.0059235,           0.0059235
                 143,            0.038161,             0.11285,                   0,             0.99999,                   1,               0.995,             0.69334,            0.036659,            0.059342,                   0,           0.0058766,           0.0058766,           0.0058766
                 144,            0.037757,             0.11267,                   0,                   1,                   1,               0.995,             0.67387,            0.037432,             0.06182,                   0,           0.0058296,           0.0058296,           0.0058296
                 145,            0.037492,             0.11249,                   0,             0.99999,                   1,               0.995,             0.69289,            0.036984,            0.059897,                   0,           0.0057826,           0.0057826,           0.0057826
                 146,             0.03718,              0.1104,                   0,             0.99999,                   1,               0.995,             0.69331,            0.036884,            0.062207,                   0,           0.0057355,           0.0057355,           0.0057355
                 147,            0.037092,             0.11159,                   0,             0.99999,                   1,               0.995,             0.71036,            0.036482,            0.058424,                   0,           0.0056884,           0.0056884,           0.0056884
                 148,            0.038032,             0.11128,                   0,             0.99999,                   1,               0.995,             0.71218,            0.036099,            0.058607,                   0,           0.0056413,           0.0056413,           0.0056413
                 149,            0.035905,             0.10314,                   0,             0.99999,                   1,               0.995,             0.69541,            0.037021,            0.061472,                   0,           0.0055942,           0.0055942,           0.0055942
                 150,            0.037355,             0.11314,                   0,             0.99999,                   1,               0.995,             0.69481,            0.036497,            0.060464,                   0,           0.0055471,           0.0055471,           0.0055471
                 151,            0.037871,             0.11258,                   0,             0.99999,                   1,               0.995,              0.7044,            0.036472,            0.059388,                   0,              0.0055,              0.0055,              0.0055
                 152,            0.037188,             0.11313,                   0,             0.99999,                   1,               0.995,               0.707,            0.036409,            0.058912,                   0,           0.0054529,           0.0054529,           0.0054529
                 153,            0.036854,             0.10933,                   0,             0.99999,                   1,               0.995,             0.71994,            0.035421,            0.058025,                   0,           0.0054058,           0.0054058,           0.0054058
                 154,            0.037393,             0.10981,                   0,                   1,             0.99999,               0.995,             0.70734,            0.035862,            0.061055,                   0,           0.0053587,           0.0053587,           0.0053587
                 155,            0.036535,             0.10742,                   0,             0.99999,                   1,               0.995,             0.70681,            0.036021,             0.05992,                   0,           0.0053116,           0.0053116,           0.0053116
                 156,            0.036731,             0.10971,                   0,             0.99999,                   1,               0.995,             0.69936,            0.036564,            0.059708,                   0,           0.0052645,           0.0052645,           0.0052645
                 157,            0.036386,             0.10791,                   0,                   1,                   1,               0.995,             0.70095,            0.036529,            0.059226,                   0,           0.0052174,           0.0052174,           0.0052174
                 158,            0.037326,             0.11471,                   0,                   1,                   1,               0.995,               0.713,            0.035848,             0.05886,                   0,           0.0051704,           0.0051704,           0.0051704
                 159,            0.037103,                0.11,                   0,             0.99999,                   1,               0.995,             0.71227,            0.035414,            0.057941,                   0,           0.0051234,           0.0051234,           0.0051234
                 160,            0.037437,             0.11216,                   0,             0.99999,                   1,               0.995,             0.70014,            0.035853,             0.06002,                   0,           0.0050765,           0.0050765,           0.0050765
                 161,            0.037366,             0.10988,                   0,                   1,                   1,               0.995,             0.70294,             0.03616,            0.058464,                   0,           0.0050296,           0.0050296,           0.0050296
                 162,            0.037413,             0.11226,                   0,             0.99999,                   1,               0.995,             0.70817,            0.035862,            0.057686,                   0,           0.0049828,           0.0049828,           0.0049828
                 163,            0.036655,             0.11466,                   0,             0.99999,                   1,               0.995,             0.70928,            0.035928,            0.058133,                   0,            0.004936,            0.004936,            0.004936
                 164,              0.0372,             0.11118,                   0,             0.99999,                   1,               0.995,             0.71063,            0.036031,            0.058619,                   0,           0.0048893,           0.0048893,           0.0048893
                 165,            0.037027,             0.11018,                   0,             0.99999,                   1,               0.995,              0.6975,            0.036343,            0.060171,                   0,           0.0048426,           0.0048426,           0.0048426
                 166,            0.036073,             0.10858,                   0,                   1,                   1,               0.995,              0.7124,            0.035856,            0.058814,                   0,            0.004796,            0.004796,            0.004796
                 167,            0.037206,             0.10812,                   0,             0.99999,                   1,               0.995,             0.70939,            0.036127,             0.05923,                   0,           0.0047495,           0.0047495,           0.0047495
                 168,            0.036251,              0.1061,                   0,             0.99999,                   1,               0.995,             0.71644,            0.035756,            0.058093,                   0,           0.0047031,           0.0047031,           0.0047031
                 169,            0.036673,             0.10805,                   0,             0.99999,                   1,               0.995,             0.67672,            0.036759,             0.06184,                   0,           0.0046568,           0.0046568,           0.0046568
                 170,            0.036197,             0.10481,                   0,                   1,                   1,               0.995,             0.71586,            0.035697,            0.058696,                   0,           0.0046105,           0.0046105,           0.0046105
                 171,            0.035886,             0.10407,                   0,             0.99999,                   1,               0.995,             0.71131,            0.036138,            0.059566,                   0,           0.0045644,           0.0045644,           0.0045644
                 172,            0.036073,             0.11226,                   0,             0.99999,                   1,               0.995,              0.6999,            0.036549,            0.059523,                   0,           0.0045184,           0.0045184,           0.0045184
                 173,            0.036937,              0.1074,                   0,             0.99999,                   1,               0.995,             0.70957,            0.036246,            0.059686,                   0,           0.0044724,           0.0044724,           0.0044724
                 174,            0.036762,             0.11325,                   0,                   1,                   1,               0.995,              0.7181,            0.035646,            0.058408,                   0,           0.0044266,           0.0044266,           0.0044266
                 175,            0.037132,             0.11252,                   0,                   1,                   1,               0.995,             0.71628,            0.035606,            0.058071,                   0,           0.0043809,           0.0043809,           0.0043809
                 176,            0.036987,             0.10601,                   0,                   1,                   1,               0.995,             0.70824,            0.035854,            0.059958,                   0,           0.0043353,           0.0043353,           0.0043353
                 177,            0.035985,             0.10342,                   0,             0.99999,                   1,               0.995,             0.72291,            0.035549,            0.058086,                   0,           0.0042899,           0.0042899,           0.0042899
                 178,            0.036659,             0.10708,                   0,                   1,             0.99999,               0.995,             0.70282,            0.036175,            0.058645,                   0,           0.0042445,           0.0042445,           0.0042445
                 179,            0.036001,             0.10739,                   0,             0.99999,                   1,               0.995,             0.69472,            0.037047,            0.060077,                   0,           0.0041994,           0.0041994,           0.0041994
                 180,            0.036062,             0.10638,                   0,             0.99999,                   1,               0.995,             0.70843,            0.036304,            0.059115,                   0,           0.0041543,           0.0041543,           0.0041543
                 181,            0.036147,             0.10933,                   0,             0.99999,                   1,               0.995,             0.70053,            0.036333,            0.058229,                   0,           0.0041094,           0.0041094,           0.0041094
                 182,            0.035688,             0.10906,                   0,             0.99999,                   1,               0.995,             0.71076,            0.036107,            0.057501,                   0,           0.0040647,           0.0040647,           0.0040647
                 183,            0.036498,             0.11264,                   0,             0.99999,                   1,               0.995,             0.72096,            0.035714,            0.057711,                   0,           0.0040201,           0.0040201,           0.0040201
                 184,            0.037642,             0.11343,                   0,                   1,                   1,               0.995,             0.71881,            0.035844,            0.057291,                   0,           0.0039757,           0.0039757,           0.0039757
                 185,            0.037169,             0.11299,                   0,             0.99998,                   1,               0.995,             0.72351,            0.035654,            0.057551,                   0,           0.0039314,           0.0039314,           0.0039314
                 186,            0.036021,             0.10628,                   0,             0.99999,                   1,               0.995,             0.73416,            0.035783,            0.057835,                   0,           0.0038873,           0.0038873,           0.0038873
                 187,            0.036237,             0.10476,                   0,                   1,                   1,               0.995,              0.7271,            0.035514,            0.057157,                   0,           0.0038434,           0.0038434,           0.0038434
                 188,            0.036583,             0.10404,                   0,             0.99999,                   1,               0.995,             0.71653,            0.035647,            0.057414,                   0,           0.0037997,           0.0037997,           0.0037997
                 189,             0.03621,             0.10845,                   0,             0.99999,                   1,               0.995,             0.72864,            0.035363,            0.057438,                   0,           0.0037562,           0.0037562,           0.0037562
                 190,            0.035307,             0.10414,                   0,             0.99999,                   1,               0.995,             0.72008,            0.035325,            0.058577,                   0,           0.0037128,           0.0037128,           0.0037128
                 191,            0.036536,              0.1101,                   0,             0.99999,                   1,               0.995,             0.72481,            0.035346,            0.057432,                   0,           0.0036697,           0.0036697,           0.0036697
                 192,             0.03586,             0.10895,                   0,             0.99999,                   1,               0.995,             0.71905,            0.035925,            0.058597,                   0,           0.0036267,           0.0036267,           0.0036267
                 193,            0.035364,              0.1031,                   0,             0.99998,                   1,               0.995,              0.7315,            0.035343,            0.057963,                   0,            0.003584,            0.003584,            0.003584
                 194,            0.036082,             0.10934,                   0,             0.99999,                   1,               0.995,             0.72746,            0.035323,            0.057326,                   0,           0.0035415,           0.0035415,           0.0035415
                 195,            0.037169,             0.11325,                   0,             0.99997,                   1,               0.995,             0.72274,            0.035575,            0.058967,                   0,           0.0034991,           0.0034991,           0.0034991
                 196,             0.03584,             0.10613,                   0,             0.99998,                   1,               0.995,             0.72095,            0.035559,            0.057295,                   0,            0.003457,            0.003457,            0.003457
                 197,            0.036508,             0.10849,                   0,             0.99999,                   1,               0.995,             0.70701,            0.035948,            0.059596,                   0,           0.0034152,           0.0034152,           0.0034152
                 198,            0.035679,             0.10425,                   0,             0.99999,                   1,               0.995,             0.71788,            0.035624,            0.058233,                   0,           0.0033735,           0.0033735,           0.0033735
                 199,            0.036459,             0.10604,                   0,                   1,                   1,               0.995,             0.72579,            0.035691,            0.057601,                   0,           0.0033321,           0.0033321,           0.0033321
                 200,            0.035563,             0.10385,                   0,                   1,                   1,               0.995,             0.72714,            0.035389,            0.056877,                   0,           0.0032909,           0.0032909,           0.0032909
                 201,            0.036093,             0.10647,                   0,             0.99999,                   1,               0.995,             0.71681,            0.036009,             0.05817,                   0,             0.00325,             0.00325,             0.00325
                 202,            0.035641,             0.10272,                   0,                   1,                   1,               0.995,             0.73069,            0.035673,            0.057393,                   0,           0.0032093,           0.0032093,           0.0032093
                 203,            0.036203,             0.10918,                   0,             0.99999,                   1,               0.995,             0.73399,            0.035315,            0.057178,                   0,           0.0031689,           0.0031689,           0.0031689
                 204,            0.035385,             0.10599,                   0,                   1,                   1,               0.995,             0.72885,            0.035353,            0.057882,                   0,           0.0031287,           0.0031287,           0.0031287
                 205,            0.035532,             0.10251,                   0,             0.99999,                   1,               0.995,              0.7341,            0.035232,             0.05743,                   0,           0.0030888,           0.0030888,           0.0030888
                 206,            0.035433,             0.10496,                   0,             0.99999,                   1,               0.995,             0.72971,            0.035198,            0.057531,                   0,           0.0030491,           0.0030491,           0.0030491
                 207,            0.035374,             0.10715,                   0,             0.99999,                   1,               0.995,             0.73303,            0.035177,            0.056848,                   0,           0.0030097,           0.0030097,           0.0030097
                 208,            0.035656,             0.10693,                   0,             0.99999,                   1,               0.995,             0.73474,            0.034941,            0.057005,                   0,           0.0029706,           0.0029706,           0.0029706
                 209,            0.035407,             0.10378,                   0,             0.99999,                   1,               0.995,             0.73549,            0.034758,            0.056371,                   0,           0.0029318,           0.0029318,           0.0029318
                 210,            0.035653,             0.10546,                   0,             0.99999,                   1,               0.995,             0.73086,            0.035328,            0.057122,                   0,           0.0028932,           0.0028932,           0.0028932
                 211,            0.035395,             0.10789,                   0,             0.99999,                   1,               0.995,             0.73466,            0.035224,            0.056978,                   0,            0.002855,            0.002855,            0.002855
                 212,            0.035566,             0.10658,                   0,             0.99999,                   1,               0.995,             0.72305,            0.035733,            0.058219,                   0,            0.002817,            0.002817,            0.002817
                 213,            0.036005,             0.10842,                   0,                   1,                   1,               0.995,             0.72457,            0.035413,            0.057055,                   0,           0.0027793,           0.0027793,           0.0027793
                 214,            0.036009,             0.10841,                   0,             0.99999,                   1,               0.995,              0.7295,            0.035164,            0.056678,                   0,           0.0027419,           0.0027419,           0.0027419
                 215,            0.036161,             0.10594,                   0,                   1,                   1,               0.995,             0.73042,             0.03536,            0.057214,                   0,           0.0027048,           0.0027048,           0.0027048
                 216,            0.035541,             0.10529,                   0,                   1,             0.99999,               0.995,             0.72991,            0.035281,            0.056555,                   0,           0.0026681,           0.0026681,           0.0026681
                 217,            0.035139,             0.10599,                   0,             0.99999,                   1,               0.995,             0.72832,            0.035294,             0.05675,                   0,           0.0026316,           0.0026316,           0.0026316
                 218,            0.035411,             0.10353,                   0,                   1,                   1,               0.995,             0.73301,            0.035105,            0.056913,                   0,           0.0025954,           0.0025954,           0.0025954
                 219,            0.035427,             0.10578,                   0,             0.99999,                   1,               0.995,             0.74144,             0.03478,            0.055964,                   0,           0.0025596,           0.0025596,           0.0025596
                 220,            0.035233,             0.10725,                   0,                   1,             0.99999,               0.995,              0.7341,            0.035057,            0.057124,                   0,           0.0025241,           0.0025241,           0.0025241
                 221,            0.035603,             0.10245,                   0,             0.99999,                   1,               0.995,             0.73126,            0.035215,            0.057879,                   0,           0.0024889,           0.0024889,           0.0024889
                 222,            0.035813,             0.10437,                   0,             0.99999,                   1,               0.995,             0.72553,            0.035212,            0.057786,                   0,           0.0024541,           0.0024541,           0.0024541
                 223,            0.034975,             0.10333,                   0,             0.99999,                   1,               0.995,             0.73531,            0.035289,            0.057223,                   0,           0.0024195,           0.0024195,           0.0024195
                 224,            0.035172,             0.10228,                   0,                   1,                   1,               0.995,             0.74315,            0.034897,            0.056751,                   0,           0.0023854,           0.0023854,           0.0023854
                 225,            0.035834,             0.10726,                   0,             0.99999,                   1,               0.995,             0.74359,            0.034765,            0.056436,                   0,           0.0023515,           0.0023515,           0.0023515
                 226,            0.034662,             0.10255,                   0,             0.99998,                   1,               0.995,             0.72482,            0.035359,            0.057442,                   0,            0.002318,            0.002318,            0.002318
                 227,             0.03606,             0.10551,                   0,             0.99999,                   1,               0.995,             0.72547,            0.035405,            0.057208,                   0,           0.0022849,           0.0022849,           0.0022849
                 228,            0.035713,             0.10495,                   0,             0.99999,                   1,               0.995,             0.73832,            0.035118,            0.057144,                   0,           0.0022521,           0.0022521,           0.0022521
                 229,             0.03586,             0.10645,                   0,             0.99999,                   1,               0.995,             0.72792,            0.035367,            0.057714,                   0,           0.0022196,           0.0022196,           0.0022196
                 230,            0.034866,             0.10191,                   0,                   1,                   1,               0.995,             0.73214,            0.035073,            0.056537,                   0,           0.0021876,           0.0021876,           0.0021876
                 231,            0.035147,             0.10469,                   0,             0.99999,                   1,               0.995,             0.73344,            0.035279,            0.057294,                   0,           0.0021558,           0.0021558,           0.0021558
                 232,            0.035079,             0.10433,                   0,                   1,                   1,               0.995,             0.72296,            0.035642,            0.058017,                   0,           0.0021245,           0.0021245,           0.0021245
                 233,            0.035418,             0.10624,                   0,                   1,                   1,               0.995,             0.72798,            0.035268,            0.056543,                   0,           0.0020935,           0.0020935,           0.0020935
                 234,            0.035558,             0.10472,                   0,                   1,             0.99999,               0.995,             0.72692,             0.03536,            0.056649,                   0,           0.0020629,           0.0020629,           0.0020629
                 235,            0.034348,             0.10061,                   0,             0.99999,                   1,               0.995,             0.73277,            0.034955,             0.05662,                   0,           0.0020327,           0.0020327,           0.0020327
                 236,            0.035354,             0.10468,                   0,             0.99999,                   1,               0.995,             0.73144,            0.035248,            0.056848,                   0,           0.0020028,           0.0020028,           0.0020028
                 237,            0.035729,             0.10666,                   0,                   1,                   1,               0.995,             0.72313,            0.035259,            0.056913,                   0,           0.0019734,           0.0019734,           0.0019734
                 238,               0.035,             0.10209,                   0,             0.99999,                   1,               0.995,             0.71941,            0.035539,            0.057724,                   0,           0.0019443,           0.0019443,           0.0019443
                 239,            0.035828,             0.10714,                   0,                   1,                   1,               0.995,             0.72851,            0.035376,            0.057231,                   0,           0.0019156,           0.0019156,           0.0019156
                 240,             0.03557,             0.10517,                   0,                   1,                   1,               0.995,             0.72757,             0.03525,            0.057108,                   0,           0.0018873,           0.0018873,           0.0018873
                 241,            0.035645,             0.10592,                   0,                   1,                   1,               0.995,             0.72683,            0.035024,              0.0571,                   0,           0.0018594,           0.0018594,           0.0018594
                 242,             0.03467,             0.10278,                   0,             0.99999,                   1,               0.995,             0.73499,            0.034759,            0.056763,                   0,           0.0018319,           0.0018319,           0.0018319
                 243,            0.035205,             0.10446,                   0,                   1,                   1,               0.995,             0.73958,            0.035053,            0.056171,                   0,           0.0018048,           0.0018048,           0.0018048
                 244,            0.035722,             0.11069,                   0,             0.99999,                   1,               0.995,             0.73375,            0.035161,            0.056662,                   0,           0.0017781,           0.0017781,           0.0017781
                 245,            0.035204,             0.10276,                   0,             0.99999,                   1,               0.995,             0.73481,            0.035115,            0.056701,                   0,           0.0017519,           0.0017519,           0.0017519
                 246,            0.035746,             0.10637,                   0,             0.99999,                   1,               0.995,              0.7334,            0.035056,             0.05627,                   0,            0.001726,            0.001726,            0.001726
                 247,            0.035613,             0.10688,                   0,                   1,                   1,               0.995,             0.73123,            0.035424,            0.056352,                   0,           0.0017005,           0.0017005,           0.0017005
                 248,            0.034642,             0.10122,                   0,             0.99999,                   1,               0.995,              0.7344,            0.035251,            0.056821,                   0,           0.0016755,           0.0016755,           0.0016755
                 249,             0.03535,             0.10765,                   0,             0.99999,                   1,               0.995,             0.73643,            0.034949,            0.056482,                   0,           0.0016509,           0.0016509,           0.0016509
                 250,             0.03494,             0.10197,                   0,             0.99999,                   1,               0.995,             0.72701,            0.035229,            0.056846,                   0,           0.0016267,           0.0016267,           0.0016267
                 251,            0.035614,             0.10366,                   0,                   1,                   1,               0.995,             0.73353,             0.03526,             0.05691,                   0,           0.0016029,           0.0016029,           0.0016029
                 252,            0.035808,             0.10505,                   0,             0.99999,                   1,               0.995,             0.73694,            0.034986,            0.056343,                   0,           0.0015795,           0.0015795,           0.0015795
                 253,            0.034745,             0.10367,                   0,                   1,                   1,               0.995,             0.74105,            0.034795,            0.056383,                   0,           0.0015566,           0.0015566,           0.0015566
                 254,            0.035836,             0.10554,                   0,             0.99999,                   1,               0.995,             0.72937,            0.035244,            0.057783,                   0,           0.0015341,           0.0015341,           0.0015341
                 255,            0.034486,             0.10303,                   0,             0.99999,                   1,               0.995,             0.73757,            0.034925,            0.056784,                   0,           0.0015121,           0.0015121,           0.0015121
                 256,            0.033802,             0.10034,                   0,                   1,             0.99999,               0.995,             0.74487,            0.034761,            0.056429,                   0,           0.0014905,           0.0014905,           0.0014905
                 257,            0.035056,             0.10339,                   0,                   1,                   1,               0.995,             0.73382,            0.035167,            0.056921,                   0,           0.0014693,           0.0014693,           0.0014693
                 258,            0.035218,             0.10273,                   0,             0.99999,                   1,               0.995,             0.73823,            0.034936,             0.05708,                   0,           0.0014486,           0.0014486,           0.0014486
                 259,            0.035488,             0.10653,                   0,             0.99999,                   1,               0.995,             0.73742,            0.035114,            0.057504,                   0,           0.0014283,           0.0014283,           0.0014283
                 260,            0.035074,             0.10411,                   0,             0.99999,                   1,               0.995,             0.73471,            0.034881,            0.056528,                   0,           0.0014084,           0.0014084,           0.0014084
                 261,             0.03473,             0.10573,                   0,             0.99999,                   1,               0.995,             0.73483,            0.034939,            0.056472,                   0,            0.001389,            0.001389,            0.001389
                 262,            0.035935,             0.10951,                   0,             0.99999,                   1,               0.995,             0.73519,            0.035168,             0.05715,                   0,           0.0013701,           0.0013701,           0.0013701
                 263,            0.035053,              0.1087,                   0,                   1,                   1,               0.995,             0.73024,            0.035178,            0.057457,                   0,           0.0013516,           0.0013516,           0.0013516
                 264,            0.034482,             0.10287,                   0,             0.99998,                   1,               0.995,             0.73377,            0.035046,            0.057665,                   0,           0.0013336,           0.0013336,           0.0013336
                 265,            0.035245,             0.10388,                   0,             0.99999,                   1,               0.995,             0.73003,            0.035398,            0.057699,                   0,            0.001316,            0.001316,            0.001316
                 266,              0.0346,             0.10114,                   0,             0.99999,                   1,               0.995,             0.73488,            0.035197,            0.056934,                   0,           0.0012989,           0.0012989,           0.0012989
                 267,            0.034308,             0.10043,                   0,                   1,                   1,               0.995,              0.7289,            0.035093,            0.056977,                   0,           0.0012822,           0.0012822,           0.0012822
                 268,            0.034999,             0.10501,                   0,                   1,                   1,               0.995,             0.73027,             0.03518,            0.057258,                   0,            0.001266,            0.001266,            0.001266
                 269,            0.034591,             0.10143,                   0,             0.99999,                   1,               0.995,             0.73813,            0.035103,            0.056863,                   0,           0.0012503,           0.0012503,           0.0012503
                 270,            0.034874,              0.1039,                   0,             0.99998,                   1,               0.995,             0.73752,             0.03509,            0.056943,                   0,            0.001235,            0.001235,            0.001235
                 271,            0.035839,             0.10787,                   0,                   1,                   1,               0.995,             0.73573,            0.035197,            0.057371,                   0,           0.0012202,           0.0012202,           0.0012202
                 272,            0.034934,             0.10459,                   0,             0.99999,                   1,               0.995,             0.72902,             0.03513,            0.056935,                   0,           0.0012059,           0.0012059,           0.0012059
                 273,            0.035186,             0.10085,                   0,             0.99999,                   1,               0.995,             0.73434,            0.035109,            0.056895,                   0,           0.0011921,           0.0011921,           0.0011921
                 274,            0.035179,             0.10293,                   0,             0.99999,                   1,               0.995,             0.74091,            0.034938,              0.0564,                   0,           0.0011787,           0.0011787,           0.0011787
                 275,            0.034815,             0.10034,                   0,             0.99999,                   1,               0.995,             0.73786,            0.034827,            0.056418,                   0,           0.0011658,           0.0011658,           0.0011658
                 276,            0.034795,             0.10781,                   0,                   1,                   1,               0.995,             0.74203,            0.035022,             0.05649,                   0,           0.0011533,           0.0011533,           0.0011533
                 277,            0.035731,             0.10716,                   0,                   1,                   1,               0.995,             0.73551,            0.034914,            0.056409,                   0,           0.0011414,           0.0011414,           0.0011414
                 278,             0.03454,             0.10321,                   0,                   1,                   1,               0.995,             0.73689,             0.03502,            0.056437,                   0,           0.0011299,           0.0011299,           0.0011299
                 279,            0.035023,             0.10161,                   0,             0.99999,                   1,               0.995,             0.74204,            0.034869,            0.056204,                   0,           0.0011189,           0.0011189,           0.0011189
                 280,            0.035351,             0.10802,                   0,             0.99999,                   1,               0.995,             0.73472,            0.035183,            0.057058,                   0,           0.0011084,           0.0011084,           0.0011084
                 281,            0.034967,             0.10287,                   0,                   1,                   1,               0.995,             0.73908,            0.034938,             0.05638,                   0,           0.0010983,           0.0010983,           0.0010983
                 282,            0.034692,             0.10402,                   0,                   1,                   1,               0.995,             0.73952,            0.034926,             0.05668,                   0,           0.0010888,           0.0010888,           0.0010888
                 283,             0.03506,             0.10078,                   0,             0.99999,                   1,               0.995,             0.73364,            0.035241,            0.057062,                   0,           0.0010797,           0.0010797,           0.0010797
                 284,             0.03543,             0.10614,                   0,             0.99999,                   1,               0.995,             0.73568,            0.035112,            0.056865,                   0,           0.0010711,           0.0010711,           0.0010711
                 285,            0.034131,             0.10225,                   0,             0.99999,                   1,               0.995,             0.73212,            0.035321,            0.057433,                   0,            0.001063,            0.001063,            0.001063
                 286,            0.035025,             0.10332,                   0,             0.99999,                   1,               0.995,             0.74103,             0.03496,            0.056886,                   0,           0.0010554,           0.0010554,           0.0010554
                 287,            0.034716,             0.10301,                   0,                   1,                   1,               0.995,             0.74361,             0.03477,            0.056704,                   0,           0.0010483,           0.0010483,           0.0010483
                 288,            0.034805,             0.10328,                   0,                   1,                   1,               0.995,             0.74474,            0.034693,            0.056643,                   0,           0.0010416,           0.0010416,           0.0010416
                 289,            0.035077,             0.10599,                   0,                   1,                   1,               0.995,             0.73495,            0.034748,            0.056675,                   0,           0.0010355,           0.0010355,           0.0010355
                 290,            0.035083,             0.10424,                   0,                   1,                   1,               0.995,             0.73989,            0.034654,            0.056621,                   0,           0.0010298,           0.0010298,           0.0010298
                 291,            0.034856,             0.10253,                   0,             0.99999,                   1,               0.995,             0.73653,            0.034588,            0.056423,                   0,           0.0010247,           0.0010247,           0.0010247
                 292,            0.035033,              0.1024,                   0,                   1,                   1,               0.995,             0.74127,            0.034639,             0.05654,                   0,             0.00102,             0.00102,             0.00102
                 293,            0.034855,             0.10471,                   0,             0.99999,                   1,               0.995,             0.73549,            0.034966,            0.056992,                   0,           0.0010158,           0.0010158,           0.0010158
                 294,            0.035307,              0.1022,                   0,                   1,                   1,               0.995,             0.74566,            0.034695,             0.05612,                   0,           0.0010121,           0.0010121,           0.0010121
                 295,            0.034703,             0.10162,                   0,             0.99999,                   1,               0.995,             0.74436,            0.034615,             0.05606,                   0,           0.0010089,           0.0010089,           0.0010089
                 296,            0.034499,             0.10357,                   0,                   1,             0.99999,               0.995,              0.7382,            0.034745,            0.056355,                   0,           0.0010062,           0.0010062,           0.0010062
                 297,            0.035244,             0.10501,                   0,             0.99999,                   1,               0.995,             0.73843,            0.034919,            0.056538,                   0,           0.0010039,           0.0010039,           0.0010039
                 298,             0.03512,             0.10636,                   0,             0.99999,                   1,               0.995,             0.73515,            0.034972,            0.056615,                   0,           0.0010022,           0.0010022,           0.0010022
                 299,            0.034023,             0.10089,                   0,                   1,                   1,               0.995,             0.73883,            0.034667,            0.055789,                   0,            0.001001,            0.001001,            0.001001
